Geolevel 2,Product,QTY
01BEL,Product 1,737
01BEL,Product 2,2686
01BEL,Product 3,2037
01MIR,Product 1,720
01MIR,Product 2,3527
01MIR,Product 3,327
02SOI,Product 1,862
02SOI,Product 2,271
02SOI,Product 3,1823
02SQU,Product 1,223
02SQU,Product 2,974
02SQU,Product 3,1979
02VER,Product 1,793
02VER,Product 2,1690
02VER,Product 3,1891
03COM,Product 1,914
03COM,Product 2,2927
03COM,Product 3,1060
03LAP,Product 1,739
03LAP,Product 2,730
03LAP,Product 3,2082
03VIC,Product 1,167
03VIC,Product 2,4880
03VIC,Product 3,1945
04DIG,Product 1,246
04DIG,Product 2,2210
04DIG,Product 3,1710
05BRI,Product 1,1
05BRI,Product 2,1948
05BRI,Product 3,2484
06GRA,Product 1,892
06GRA,Product 2,232
06GRA,Product 3,1456
06NC5,Product 1,867
06NC5,Product 2,4049
06NC5,Product 3,1403
06NC6,Product 1,579
06NC6,Product 2,2346
06NC6,Product 3,983
07BOU,Product 1,310
07BOU,Product 2,1930
07BOU,Product 3,1064
07LAR,Product 1,283
07LAR,Product 2,3951
07LAR,Product 3,2366
08CHA,Product 1,77
08CHA,Product 2,2803
08CHA,Product 3,1924
08RET,Product 1,385
08RET,Product 2,4760
08RET,Product 3,266
09PAM,Product 1,890
09PAM,Product 2,1540
09PAM,Product 3,2181
10SJU,Product 1,438
10SJU,Product 2,1527
10SJU,Product 3,1275
11CAR,Product 1,692
11CAR,Product 2,3189
11CAR,Product 3,1932
11LEZ,Product 1,351
11LEZ,Product 2,562
11LEZ,Product 3,2131
12AUB,Product 1,169
12AUB,Product 2,408
12AUB,Product 3,60
13ALL,Product 1,408
13ALL,Product 2,2643
13ALL,Product 3,705
13LCI,Product 1,882
13LCI,Product 2,2189
13LCI,Product 3,1373
13M07,Product 1,78
13M07,Product 2,2050
13M07,Product 3,1770
14CAE,Product 1,18
14CAE,Product 2,4784
14CAE,Product 3,2077
14FAL,Product 1,874
14FAL,Product 2,4866
14FAL,Product 3,488
14HON,Product 1,49
14HON,Product 2,3072
14HON,Product 3,582
14LIS,Product 1,864
14LIS,Product 2,3502
14LIS,Product 3,2220
16SOY,Product 1,934
16SOY,Product 2,2446
16SOY,Product 3,696
17AYT,Product 1,383
17AYT,Product 2,795
17AYT,Product 3,1037
17ROY,Product 1,289
17ROY,Product 2,4281
17ROY,Product 3,240
17SAU,Product 1,842
17SAU,Product 2,4651
17SAU,Product 3,1525
17SJE,Product 1,824
17SJE,Product 2,1710
17SJE,Product 3,1848
18BOU,Product 1,814
18BOU,Product 2,729
18BOU,Product 3,2046
19TUL,Product 1,526
19TUL,Product 2,1298
19TUL,Product 3,1919
19USS,Product 1,561
19USS,Product 2,2179
19USS,Product 3,1815
20CAL,Product 1,441
20CAL,Product 2,1207
20CAL,Product 3,62
20SAR,Product 1,942
20SAR,Product 2,1983
20SAR,Product 3,1048
21GEN,Product 1,837
21GEN,Product 2,143
21GEN,Product 3,2173
21TAL,Product 1,302
21TAL,Product 2,4890
21TAL,Product 3,2283
22DIN,Product 1,444
22DIN,Product 2,749
22DIN,Product 3,412
22SBR,Product 1,684
22SBR,Product 2,2092
22SBR,Product 3,693
23LSO,Product 1,360
23LSO,Product 2,1460
23LSO,Product 3,1295
24BER,Product 1,159
24BER,Product 2,3702
24BER,Product 3,1295
24MON,Product 1,800
24MON,Product 2,3957
24MON,Product 3,1603
24NON,Product 1,815
24NON,Product 2,1637
24NON,Product 3,1770
24RIB,Product 1,984
24RIB,Product 2,1150
24RIB,Product 3,2012
25MIS,Product 1,838
25MIS,Product 2,4817
25MIS,Product 3,825
25MON,Product 1,921
25MON,Product 2,874
25MON,Product 3,270
25MOR,Product 1,127
25MOR,Product 2,1758
25MOR,Product 3,1012
25PON,Product 1,207
25PON,Product 2,3637
25PON,Product 3,2415
26NYO,Product 1,904
26NYO,Product 2,3501
26NYO,Product 3,2440
27BER,Product 1,618
27BER,Product 2,192
27BER,Product 3,118
27EVR,Product 1,567
27EVR,Product 2,1959
27EVR,Product 3,763
27LAN,Product 1,385
27LAN,Product 2,1211
27LAN,Product 3,376
27PON,Product 1,129
27PON,Product 2,3256
27PON,Product 3,912
28NOG,Product 1,298
28NOG,Product 2,3509
28NOG,Product 3,1130
29CON,Product 1,835
29CON,Product 2,3084
29CON,Product 3,572
29LAN,Product 1,68
29LAN,Product 2,971
29LAN,Product 3,1697
30ALE,Product 1,120
30ALE,Product 2,3889
30ALE,Product 3,1745
30BAG,Product 1,7
30BAG,Product 2,223
30BAG,Product 3,1246
31COL,Product 1,941
31COL,Product 2,3972
31COL,Product 3,576
31PLA,Product 1,434
31PLA,Product 2,3606
31PLA,Product 3,1892
31SGA,Product 1,240
31SGA,Product 2,784
31SGA,Product 3,2187
31TL2,Product 1,553
31TL2,Product 2,1658
31TL2,Product 3,1441
33BD2,Product 1,902
33BD2,Product 2,3657
33BD2,Product 3,1374
33BD3,Product 1,588
33BD3,Product 2,4512
33BD3,Product 3,1638
33BLA,Product 1,585
33BLA,Product 2,3475
33BLA,Product 3,581
33LAN,Product 1,612
33LAN,Product 2,365
33LAN,Product 3,1940
33LBO,Product 1,932
33LBO,Product 2,2154
33LBO,Product 3,2373
33TAL,Product 1,718
33TAL,Product 2,2047
33TAL,Product 3,914
33VIL,Product 1,408
33VIL,Product 2,2069
33VIL,Product 3,191
34BEZ,Product 1,158
34BEZ,Product 2,1208
34BEZ,Product 3,207
34LOD,Product 1,226
34LOD,Product 2,4241
34LOD,Product 3,894
34MEZ,Product 1,405
34MEZ,Product 2,4058
34MEZ,Product 3,2313
34MON,Product 1,970
34MON,Product 2,3260
34MON,Product 3,1112
34SET,Product 1,543
34SET,Product 2,1761
34SET,Product 3,2070
35RE1,Product 1,403
35RE1,Product 2,708
35RE1,Product 3,280
36CHA,Product 1,306
36CHA,Product 2,2075
36CHA,Product 3,803
36LCH,Product 1,265
36LCH,Product 2,2770
36LCH,Product 3,1636
37JOU,Product 1,570
37JOU,Product 2,4908
37JOU,Product 3,1029
37LOC,Product 1,430
37LOC,Product 2,2971
37LOC,Product 3,1664
38BOU,Product 1,373
38BOU,Product 2,2169
38BOU,Product 3,119
38GR1,Product 1,91
38GR1,Product 2,1394
38GR1,Product 3,2319
38ROU,Product 1,529
38ROU,Product 2,581
38ROU,Product 3,1799
38VIE,Product 1,767
38VIE,Product 2,1406
38VIE,Product 3,1448
39CHA,Product 1,22
39CHA,Product 2,118
39CHA,Product 3,2210
40HAG,Product 1,381
40HAG,Product 2,3280
40HAG,Product 3,322
40MON,Product 1,15
40MON,Product 2,1557
40MON,Product 3,230
41BLO,Product 1,539
41BLO,Product 2,926
41BLO,Product 3,1633
41ROM,Product 1,830
41ROM,Product 2,701
41ROM,Product 3,889
41SAL,Product 1,282
41SAL,Product 2,4723
41SAL,Product 3,1324
42MON,Product 1,353
42MON,Product 2,2330
42MON,Product 3,141
42SE1,Product 1,982
42SE1,Product 2,496
42SE1,Product 3,1674
42SE2,Product 1,853
42SE2,Product 2,2158
42SE2,Product 3,1684
42VIL,Product 1,589
42VIL,Product 2,4819
42VIL,Product 3,1144
43YSS,Product 1,813
43YSS,Product 2,2515
43YSS,Product 3,675
44CHA,Product 1,126
44CHA,Product 2,379
44CHA,Product 3,1789
44LBA,Product 1,62
44LBA,Product 2,798
44LBA,Product 3,1177
44NA1,Product 1,916
44NA1,Product 2,2799
44NA1,Product 3,528
44NA2,Product 1,844
44NA2,Product 2,1035
44NA2,Product 3,1959
44SHE,Product 1,175
44SHE,Product 2,3050
44SHE,Product 3,816
44SSE,Product 1,579
44SSE,Product 2,4376
44SSE,Product 3,1535
45LFE,Product 1,137
45LFE,Product 2,1243
45LFE,Product 3,530
45MON,Product 1,884
45MON,Product 2,802
45MON,Product 3,1322
45ORL,Product 1,168
45ORL,Product 2,3204
45ORL,Product 3,867
46FIG,Product 1,677
46FIG,Product 2,545
46FIG,Product 3,848
47AGE,Product 1,796
47AGE,Product 2,2984
47AGE,Product 3,2245
47MAR,Product 1,901
47MAR,Product 2,2990
47MAR,Product 3,875
47NER,Product 1,881
47NER,Product 2,360
47NER,Product 3,626
47VIL,Product 1,681
47VIL,Product 2,2887
47VIL,Product 3,537
50AVR,Product 1,2
50AVR,Product 2,1910
50AVR,Product 3,2337
50CHE,Product 1,160
50CHE,Product 2,193
50CHE,Product 3,1938
50COU,Product 1,401
50COU,Product 2,4990
50COU,Product 3,754
51BET,Product 1,733
51BET,Product 2,4310
51BET,Product 3,2108
51CHA,Product 1,61
51CHA,Product 2,1476
51CHA,Product 3,454
51REI,Product 1,762
51REI,Product 2,2605
51REI,Product 3,21
53EVR,Product 1,571
53EVR,Product 2,3763
53EVR,Product 3,688
53MAY,Product 1,604
53MAY,Product 2,1856
53MAY,Product 3,2264
54LON,Product 1,213
54LON,Product 2,543
54LON,Product 3,2253
54NEU,Product 1,43
54NEU,Product 2,1206
54NEU,Product 3,1218
54PON,Product 1,406
54PON,Product 2,1802
54PON,Product 3,519
54TOU,Product 1,277
54TOU,Product 2,4628
54TOU,Product 3,451
57SRB,Product 1,705
57SRB,Product 2,1719
57SRB,Product 3,532
58DEC,Product 1,59
58DEC,Product 2,959
58DEC,Product 3,312
59AVE,Product 1,628
59AVE,Product 2,1928
59AVE,Product 3,1457
59CAP,Product 1,448
59CAP,Product 2,1590
59CAP,Product 3,2361
59CAU,Product 1,932
59CAU,Product 2,3749
59CAU,Product 3,376
59COU,Product 1,755
59COU,Product 2,4387
59COU,Product 3,191
59GRA,Product 1,352
59GRA,Product 2,2843
59GRA,Product 3,1883
59LMA,Product 1,992
59LMA,Product 2,4851
59LMA,Product 3,2226
59MAR,Product 1,684
59MAR,Product 2,901
59MAR,Product 3,2312
59MAU,Product 1,195
59MAU,Product 2,968
59MAU,Product 3,1395
59MON,Product 1,81
59MON,Product 2,525
59MON,Product 3,1171
59ROU,Product 1,562
59ROU,Product 2,333
59ROU,Product 3,1521
59TOU,Product 1,305
59TOU,Product 2,993
59TOU,Product 3,516
59VAL,Product 1,617
59VAL,Product 2,322
59VAL,Product 3,2224
60MER,Product 1,548
60MER,Product 2,198
60MER,Product 3,2140
61FLE,Product 1,203
61FLE,Product 2,4544
61FLE,Product 3,1787
61MOR,Product 1,48
61MOR,Product 2,645
61MOR,Product 3,1258
62ARR,Product 1,906
62ARR,Product 2,4543
62ARR,Product 3,2315
62BOU,Product 1,234
62BOU,Product 2,2850
62BOU,Product 3,996
62BRU,Product 1,64
62BRU,Product 2,4244
62BRU,Product 3,532
62BUL,Product 1,286
62BUL,Product 2,1519
62BUL,Product 3,293
62HEN,Product 1,985
62HEN,Product 2,3136
62HEN,Product 3,2159
62LEN,Product 1,623
62LEN,Product 2,3361
62LEN,Product 3,1256
62MAR,Product 1,1
62MAR,Product 2,323
62MAR,Product 3,1636
62SOM,Product 1,400
62SOM,Product 2,1694
62SOM,Product 3,1160
63AMB,Product 1,26
63AMB,Product 2,2596
63AMB,Product 3,430
63CLE,Product 1,0
63CLE,Product 2,1215
63CLE,Product 3,674
63COU,Product 1,714
63COU,Product 2,4448
63COU,Product 3,99
63GER,Product 1,878
63GER,Product 2,4742
63GER,Product 3,2159
64ANG,Product 1,412
64ANG,Product 2,2101
64ANG,Product 3,1242
64ORT,Product 1,592
64ORT,Product 2,2489
64ORT,Product 3,1422
64PAU,Product 1,254
64PAU,Product 2,444
64PAU,Product 3,2300
66CER,Product 1,677
66CER,Product 2,683
66CER,Product 3,1449
66PE2,Product 1,280
66PE2,Product 2,580
66PE2,Product 3,1000
66PRA,Product 1,647
66PRA,Product 2,975
66PRA,Product 3,499
66SLA,Product 1,310
66SLA,Product 2,4805
66SLA,Product 3,2416
67BRU,Product 1,67
67BRU,Product 2,3477
67BRU,Product 3,1771
67ILL,Product 1,31
67ILL,Product 2,4112
67ILL,Product 3,2169
67OBE,Product 1,59
67OBE,Product 2,274
67OBE,Product 3,1449
67ST2,Product 1,283
67ST2,Product 2,656
67ST2,Product 3,858
68ALT,Product 1,785
68ALT,Product 2,4829
68ALT,Product 3,1730
68MUL,Product 1,569
68MUL,Product 2,3741
68MUL,Product 3,661
68RIE,Product 1,134
68RIE,Product 2,3630
68RIE,Product 3,1444
68SLO,Product 1,291
68SLO,Product 2,2467
68SLO,Product 3,400
68THA,Product 1,612
68THA,Product 2,322
68THA,Product 3,28
69LY3,Product 1,975
69LY3,Product 2,3857
69LY3,Product 3,1921
69LY5,Product 1,183
69LY5,Product 2,1051
69LY5,Product 3,2393
69SFO,Product 1,663
69SFO,Product 2,1485
69SFO,Product 3,1429
69SPR,Product 1,785
69SPR,Product 2,3100
69SPR,Product 3,1069
69TAR,Product 1,865
69TAR,Product 2,541
69TAR,Product 3,613
69VAU,Product 1,770
69VAU,Product 2,1770
69VAU,Product 3,1134
69VFS,Product 1,315
69VFS,Product 2,503
69VFS,Product 3,680
70GRA,Product 1,515
70GRA,Product 2,2408
70GRA,Product 3,889
70VES,Product 1,359
70VES,Product 2,4340
70VES,Product 3,2427
71CHS,Product 1,420
71CHS,Product 2,3223
71CHS,Product 3,968
71LCR,Product 1,819
71LCR,Product 2,4095
71LCR,Product 3,1928
71LOU,Product 1,936
71LOU,Product 2,3779
71LOU,Product 3,1721
74ANM,Product 1,855
74ANM,Product 2,4712
74ANM,Product 3,1539
74BON,Product 1,729
74BON,Product 2,4533
74BON,Product 3,2447
75ALE,Product 1,46
75ALE,Product 2,195
75ALE,Product 3,720
75AUT,Product 1,853
75AUT,Product 2,3913
75AUT,Product 3,2331
75DEN,Product 1,364
75DEN,Product 2,557
75DEN,Product 3,371
75ELY,Product 1,438
75ELY,Product 2,4060
75ELY,Product 3,945
75GRE,Product 1,599
75GRE,Product 2,4431
75GRE,Product 3,2034
75INV,Product 1,952
75INV,Product 2,3817
75INV,Product 3,863
75MON,Product 1,243
75MON,Product 2,3052
75MON,Product 3,1216
75NOR,Product 1,546
75NOR,Product 2,4678
75NOR,Product 3,1365
75ODE,Product 1,107
75ODE,Product 2,4248
75ODE,Product 3,2041
75PER,Product 1,75
75PER,Product 2,4156
75PER,Product 3,2222
75REP,Product 1,731
75REP,Product 2,2302
75REP,Product 3,372
75SLA,Product 1,688
75SLA,Product 2,3963
75SLA,Product 3,2047
75TER,Product 1,685
75TER,Product 2,1358
75TER,Product 3,615
75TRO,Product 1,245
75TRO,Product 2,3863
75TRO,Product 3,566
76BIH,Product 1,898
76BIH,Product 2,1151
76BIH,Product 3,1797
76LHA,Product 1,722
76LHA,Product 2,1188
76LHA,Product 3,1512
76SAD,Product 1,798
76SAD,Product 2,634
76SAD,Product 3,133
77MON,Product 1,65
77MON,Product 2,3811
77MON,Product 3,725
78CHA,Product 1,451
78CHA,Product 2,1680
78CHA,Product 3,1308
78CON,Product 1,832
78CON,Product 2,1742
78CON,Product 3,2064
78LCE,Product 1,6
78LCE,Product 2,2518
78LCE,Product 3,1636
78LMU,Product 1,86
78LMU,Product 2,2111
78LMU,Product 3,299
78MAN,Product 1,329
78MAN,Product 2,1007
78MAN,Product 3,1912
78POI,Product 1,639
78POI,Product 2,1770
78POI,Product 3,1804
78VER,Product 1,453
78VER,Product 2,850
78VER,Product 3,1036
79NIO,Product 1,622
79NIO,Product 2,3691
79NIO,Product 3,1896
79PAR,Product 1,221
79PAR,Product 2,252
79PAR,Product 3,1158
80AMI,Product 1,547
80AMI,Product 2,4986
80AMI,Product 3,1138
80CAM,Product 1,861
80CAM,Product 2,909
80CAM,Product 3,1824
80DOU,Product 1,10
80DOU,Product 2,3336
80DOU,Product 3,1957
80MON,Product 1,597
80MON,Product 2,2772
80MON,Product 3,2485
80PER,Product 1,602
80PER,Product 2,4837
80PER,Product 3,2340
81ALB,Product 1,361
81ALB,Product 2,2868
81ALB,Product 3,1653
81CAR,Product 1,38
81CAR,Product 2,413
81CAR,Product 3,630
82MON,Product 1,732
82MON,Product 2,4797
82MON,Product 3,1814
83DRA,Product 1,583
83DRA,Product 2,1741
83DRA,Product 3,1067
83FRE,Product 1,678
83FRE,Product 2,2972
83FRE,Product 3,809
83SAN,Product 1,628
83SAN,Product 2,2361
83SAN,Product 3,977
83TL2,Product 1,115
83TL2,Product 2,2088
83TL2,Product 3,1979
83TL3,Product 1,152
83TL3,Product 2,2830
83TL3,Product 3,253
84CAR,Product 1,548
84CAR,Product 2,597
84CAR,Product 3,1725
84CAV,Product 1,136
84CAV,Product 2,4897
84CAV,Product 3,308
85LRO,Product 1,671
85LRO,Product 2,3566
85LRO,Product 3,2057
85LSA,Product 1,74
85LSA,Product 2,1289
85LSA,Product 3,1414
86CHA,Product 1,103
86CHA,Product 2,4464
86CHA,Product 3,1769
87ROC,Product 1,980
87ROC,Product 2,1392
87ROC,Product 3,2111
89JOI,Product 1,966
89JOI,Product 2,3587
89JOI,Product 3,705
89TOU,Product 1,758
89TOU,Product 2,3819
89TOU,Product 3,601
90DEL,Product 1,610
90DEL,Product 2,3782
90DEL,Product 3,809
91COU,Product 1,877
91COU,Product 2,1160
91COU,Product 3,541
91DRA,Product 1,860
91DRA,Product 2,1807
91DRA,Product 3,1991
91EVR,Product 1,542
91EVR,Product 2,1463
91EVR,Product 3,1622
91LON,Product 1,623
91LON,Product 2,177
91LON,Product 3,937
91MAS,Product 1,25
91MAS,Product 2,592
91MAS,Product 3,557
91PAL,Product 1,0
91PAL,Product 2,227
91PAL,Product 3,2484
91SGE,Product 1,7
91SGE,Product 2,4170
91SGE,Product 3,1563
92ANT,Product 1,481
92ANT,Product 2,3764
92ANT,Product 3,1286
92CHA,Product 1,877
92CHA,Product 2,283
92CHA,Product 3,1553
92CLI,Product 1,270
92CLI,Product 2,2899
92CLI,Product 3,991
92ISS,Product 1,151
92ISS,Product 2,3255
92ISS,Product 3,1373
92NAN,Product 1,20
92NAN,Product 2,659
92NAN,Product 3,2014
92RUE,Product 1,868
92RUE,Product 2,2990
92RUE,Product 3,2494
93AUB,Product 1,802
93AUB,Product 2,3317
93AUB,Product 3,1146
93BOB,Product 1,361
93BOB,Product 2,4080
93BOB,Product 3,722
93NOI,Product 1,712
93NOI,Product 2,1305
93NOI,Product 3,1923
93PAN,Product 1,760
93PAN,Product 2,1918
93PAN,Product 3,2025
93SDE,Product 1,133
93SDE,Product 2,117
93SDE,Product 3,772
94IVR,Product 1,741
94IVR,Product 2,2945
94IVR,Product 3,1190
94SMA,Product 1,913
94SMA,Product 2,3444
94SMA,Product 3,620
95ERM,Product 1,896
95ERM,Product 2,2906
95ERM,Product 3,1858
95FRA,Product 1,653
95FRA,Product 2,1366
95FRA,Product 3,1147
95GAR,Product 1,384
95GAR,Product 2,4963
95GAR,Product 3,194
95PER,Product 1,806
95PER,Product 2,4242
95PER,Product 3,244
95SAR,Product 1,169
95SAR,Product 2,904
95SAR,Product 3,1105
01NAN,Product 1,270
01NAN,Product 2,203
01NAN,Product 3,1186
02CHA,Product 1,778
02CHA,Product 2,4397
02CHA,Product 3,531
03GAN,Product 1,543
03GAN,Product 2,1833
03GAN,Product 3,1357
03MOU,Product 1,432
03MOU,Product 2,3511
03MOU,Product 3,768
05GAP,Product 1,154
05GAP,Product 2,4132
05GAP,Product 3,161
06CAG,Product 1,913
06CAG,Product 2,2748
06CAG,Product 3,798
06CAR,Product 1,933
06CAR,Product 2,4398
06CAR,Product 3,2039
06NC2,Product 1,595
06NC2,Product 2,846
06NC2,Product 3,37
06NC4,Product 1,882
06NC4,Product 2,2793
06NC4,Product 3,1413
06VAL,Product 1,961
06VAL,Product 2,1986
06VAL,Product 3,442
06VEN,Product 1,422
06VEN,Product 2,2226
06VEN,Product 3,114
07TOU,Product 1,836
07TOU,Product 2,4327
07TOU,Product 3,490
08SED,Product 1,727
08SED,Product 2,1094
08SED,Product 3,1954
10BAR,Product 1,47
10BAR,Product 2,3337
10BAR,Product 3,2166
10ROM,Product 1,595
10ROM,Product 2,2487
10ROM,Product 3,2464
10TRO,Product 1,653
10TRO,Product 2,3602
10TRO,Product 3,1240
13AUB,Product 1,612
13AUB,Product 2,1669
13AUB,Product 3,2251
13BER,Product 1,436
13BER,Product 2,685
13BER,Product 3,1762
13M01,Product 1,41
13M01,Product 2,3321
13M01,Product 3,1105
13M02,Product 1,806
13M02,Product 2,579
13M02,Product 3,106
13M03,Product 1,581
13M03,Product 2,3260
13M03,Product 3,159
13M05,Product 1,952
13M05,Product 2,3460
13M05,Product 3,2246
13M06,Product 1,6
13M06,Product 2,230
13M06,Product 3,1429
13M09,Product 1,886
13M09,Product 2,2487
13M09,Product 3,1558
13MGN,Product 1,190
13MGN,Product 2,3197
13MGN,Product 3,232
13MRT,Product 1,867
13MRT,Product 2,2408
13MRT,Product 3,682
13VIT,Product 1,197
13VIT,Product 2,655
13VIT,Product 3,1569
14BAY,Product 1,872
14BAY,Product 2,690
14BAY,Product 3,2029
14HER,Product 1,283
14HER,Product 2,474
14HER,Product 3,825
14VIR,Product 1,663
14VIR,Product 2,3421
14VIR,Product 3,1788
15AUR,Product 1,961
15AUR,Product 2,4246
15AUR,Product 3,646
15MAU,Product 1,362
15MAU,Product 2,511
15MAU,Product 3,939
16ANG,Product 1,509
16ANG,Product 2,3820
16ANG,Product 3,2205
16CON,Product 1,431
16CON,Product 2,447
16CON,Product 3,2370
16SYR,Product 1,272
16SYR,Product 2,3491
16SYR,Product 3,997
17ROC,Product 1,651
17ROC,Product 2,4307
17ROC,Product 3,1926
17SAI,Product 1,671
17SAI,Product 2,2027
17SAI,Product 3,833
18SGE,Product 1,293
18SGE,Product 2,2301
18SGE,Product 3,1414
19BRI,Product 1,762
19BRI,Product 2,4726
19BRI,Product 3,361
20BAS,Product 1,106
20BAS,Product 2,3635
20BAS,Product 3,1831
21BEA,Product 1,830
21BEA,Product 2,250
21BEA,Product 3,224
22GUI,Product 1,655
22GUI,Product 2,2616
22GUI,Product 3,202
24PER,Product 1,903
24PER,Product 2,3603
24PER,Product 3,953
25AUD,Product 1,490
25AUD,Product 2,3230
25AUD,Product 3,785
25BAU,Product 1,928
25BAU,Product 2,294
25BAU,Product 3,323
25BES,Product 1,560
25BES,Product 2,3080
25BES,Product 3,1778
26ROM,Product 1,817
26ROM,Product 2,1861
26ROM,Product 3,155
26TAI,Product 1,912
26TAI,Product 2,1463
26TAI,Product 3,1870
27LOU,Product 1,217
27LOU,Product 2,3031
27LOU,Product 3,907
28CHA,Product 1,909
28CHA,Product 2,2819
28CHA,Product 3,1451
28CHR,Product 1,111
28CHR,Product 2,2309
28CHR,Product 3,1106
29BRE,Product 1,418
29BRE,Product 2,1488
29BRE,Product 3,1015
29CHA,Product 1,431
29CHA,Product 2,2977
29CHA,Product 3,934
29DOU,Product 1,434
29DOU,Product 2,4100
29DOU,Product 3,1186
29PLO,Product 1,315
29PLO,Product 2,3527
29PLO,Product 3,54
30BEA,Product 1,396
30BEA,Product 2,1495
30BEA,Product 3,500
30BOU,Product 1,153
30BOU,Product 2,2189
30BOU,Product 3,625
30SCH,Product 1,806
30SCH,Product 2,4031
30SCH,Product 3,2088
31LUN,Product 1,812
31LUN,Product 2,3154
31LUN,Product 3,2480
31MUR,Product 1,474
31MUR,Product 2,4276
31MUR,Product 3,237
31RAM,Product 1,296
31RAM,Product 2,3565
31RAM,Product 3,1652
31TL4,Product 1,564
31TL4,Product 2,545
31TL4,Product 3,1466
31TL5,Product 1,865
31TL5,Product 2,568
31TL5,Product 3,2129
32AUC,Product 1,399
32AUC,Product 2,4730
32AUC,Product 3,1313
33ART,Product 1,564
33ART,Product 2,4513
33ART,Product 3,2166
33LIB,Product 1,336
33LIB,Product 2,1090
33LIB,Product 3,774
33LOR,Product 1,419
33LOR,Product 2,1809
33LOR,Product 3,1332
33LRE,Product 1,878
33LRE,Product 2,2624
33LRE,Product 3,1206
33LTE,Product 1,94
33LTE,Product 2,586
33LTE,Product 3,2485
33MER,Product 1,107
33MER,Product 2,2018
33MER,Product 3,553
33SME,Product 1,801
33SME,Product 2,3210
33SME,Product 3,2103
34JUV,Product 1,272
34JUV,Product 2,581
34JUV,Product 3,2394
34SER,Product 1,544
34SER,Product 2,1634
34SER,Product 3,628
35BET,Product 1,923
35BET,Product 2,493
35BET,Product 3,588
35COM,Product 1,258
35COM,Product 2,661
35COM,Product 3,1688
35FOU,Product 1,636
35FOU,Product 2,3285
35FOU,Product 3,906
35RE2,Product 1,256
35RE2,Product 2,1907
35RE2,Product 3,665
35RED,Product 1,12
35RED,Product 2,3749
35RED,Product 3,2435
35VIT,Product 1,288
35VIT,Product 2,3728
35VIT,Product 3,2144
36ISS,Product 1,473
36ISS,Product 2,837
36ISS,Product 3,557
37AMB,Product 1,500
37AMB,Product 2,3875
37AMB,Product 3,2499
37CHI,Product 1,56
37CHI,Product 2,424
37CHI,Product 3,1696
37SCY,Product 1,223
37SCY,Product 2,56
37SCY,Product 3,583
38ECH,Product 1,817
38ECH,Product 2,3172
38ECH,Product 3,770
38FON,Product 1,150
38FON,Product 2,4822
38FON,Product 3,2192
38LPO,Product 1,846
38LPO,Product 2,1463
38LPO,Product 3,423
38LTO,Product 1,881
38LTO,Product 2,4294
38LTO,Product 3,1080
38VOI,Product 1,990
38VOI,Product 2,3621
38VOI,Product 3,274
39DOL,Product 1,780
39DOL,Product 2,4892
39DOL,Product 3,2465
39SCL,Product 1,81
39SCL,Product 2,4477
39SCL,Product 3,60
40BIS,Product 1,641
40BIS,Product 2,1324
40BIS,Product 3,1371
40SOU,Product 1,154
40SOU,Product 2,763
40SOU,Product 3,1785
41VEN,Product 1,803
41VEN,Product 2,3131
41VEN,Product 3,1020
42FEU,Product 1,876
42FEU,Product 2,3548
42FEU,Product 3,12
42SCH,Product 1,710
42SCH,Product 2,112
42SCH,Product 3,1041
44ANC,Product 1,23
44ANC,Product 2,1255
44ANC,Product 3,2088
44CAR,Product 1,230
44CAR,Product 2,1855
44CAR,Product 3,867
44LSO,Product 1,552
44LSO,Product 2,2125
44LSO,Product 3,719
44PON,Product 1,765
44PON,Product 2,510
44PON,Product 3,647
44REZ,Product 1,520
44REZ,Product 2,1596
44REZ,Product 3,1283
45FLE,Product 1,146
45FLE,Product 2,4213
45FLE,Product 3,2305
45GIE,Product 1,51
45GIE,Product 2,2192
45GIE,Product 3,316
49ANG,Product 1,627
49ANG,Product 2,3213
49ANG,Product 3,1715
49LPO,Product 1,491
49LPO,Product 2,4949
49LPO,Product 3,2380
49SAU,Product 1,849
49SAU,Product 2,820
49SAU,Product 3,2488
50GRA,Product 1,54
50GRA,Product 2,3040
50GRA,Product 3,175
50SLO,Product 1,244
50SLO,Product 2,4016
50SLO,Product 3,1790
51SEZ,Product 1,422
51SEZ,Product 2,520
51SEZ,Product 3,1971
51VIT,Product 1,468
51VIT,Product 2,585
51VIT,Product 3,2344
53LAV,Product 1,87
53LAV,Product 2,3201
53LAV,Product 3,259
54BRI,Product 1,58
54BRI,Product 2,710
54BRI,Product 3,855
54DOM,Product 1,924
54DOM,Product 2,2799
54DOM,Product 3,2292
54LUN,Product 1,449
54LUN,Product 2,1597
54LUN,Product 3,583
54NA1,Product 1,522
54NA1,Product 2,2725
54NA1,Product 3,1505
54VAN,Product 1,151
54VAN,Product 2,1102
54VAN,Product 3,1565
56AUR,Product 1,817
56AUR,Product 2,3619
56AUR,Product 3,27
56PLU,Product 1,304
56PLU,Product 2,1291
56PLU,Product 3,902
56PON,Product 1,321
56PON,Product 2,219
56PON,Product 3,835
56VAN,Product 1,971
56VAN,Product 2,175
56VAN,Product 3,472
57BOU,Product 1,569
57BOU,Product 2,2241
57BOU,Product 3,780
57CHA,Product 1,32
57CHA,Product 2,603
57CHA,Product 3,259
57HAY,Product 1,29
57HAY,Product 2,2780
57HAY,Product 3,1040
57MAR,Product 1,275
57MAR,Product 2,3940
57MAR,Product 3,442
57MET,Product 1,419
57MET,Product 2,2672
57MET,Product 3,1459
57SRG,Product 1,966
57SRG,Product 2,4684
57SRG,Product 3,40
57THI,Product 1,358
57THI,Product 2,4128
57THI,Product 3,1691
58CLA,Product 1,666
58CLA,Product 2,1958
58CLA,Product 3,67
59ANI,Product 1,445
59ANI,Product 2,3880
59ANI,Product 3,1899
59ARM,Product 1,996
59ARM,Product 2,852
59ARM,Product 3,401
59DEN,Product 1,819
59DEN,Product 2,2463
59DEN,Product 3,1605
59DOU,Product 1,72
59DOU,Product 2,4246
59DOU,Product 3,500
59DUN,Product 1,274
59DUN,Product 2,1623
59DUN,Product 3,1555
59HAZ,Product 1,631
59HAZ,Product 2,1250
59HAZ,Product 3,1944
59MRB,Product 1,346
59MRB,Product 2,340
59MRB,Product 3,1936
59RON,Product 1,705
59RON,Product 2,4214
59RON,Product 3,1922
59SAM,Product 1,779
59SAM,Product 2,1085
59SAM,Product 3,1680
59VIL,Product 1,959
59VIL,Product 2,1123
59VIL,Product 3,1472
59WTG,Product 1,466
59WTG,Product 2,8
59WTG,Product 3,1055
59WTR,Product 1,445
59WTR,Product 2,1043
59WTR,Product 3,856
60BEA,Product 1,689
60BEA,Product 2,2089
60BEA,Product 3,240
60COM,Product 1,398
60COM,Product 2,3754
60COM,Product 3,694
60CRE,Product 1,200
60CRE,Product 2,4746
60CRE,Product 3,2354
60NOY,Product 1,184
60NOY,Product 2,453
60NOY,Product 3,627
61ALE,Product 1,935
61ALE,Product 2,3723
61ALE,Product 3,58
62AUC,Product 1,704
62AUC,Product 2,2693
62AUC,Product 3,904
62BER,Product 1,332
62BER,Product 2,3832
62BER,Product 3,1721
62BET,Product 1,694
62BET,Product 2,798
62BET,Product 3,2279
62MON,Product 1,145
62MON,Product 2,2724
62MON,Product 3,1897
62OIG,Product 1,741
62OIG,Product 2,203
62OIG,Product 3,1602
62SPO,Product 1,357
62SPO,Product 2,1056
62SPO,Product 3,566
63RIO,Product 1,613
63RIO,Product 2,3611
63RIO,Product 3,1170
63SEL,Product 1,745
63SEL,Product 2,419
63SEL,Product 3,62
64BAY,Product 1,207
64BAY,Product 2,3839
64BAY,Product 3,373
64HAS,Product 1,749
64HAS,Product 2,1633
64HAS,Product 3,2039
66CAN,Product 1,189
66CAN,Product 2,3588
66CAN,Product 3,738
67HAG,Product 1,572
67HAG,Product 2,2523
67HAG,Product 3,540
67MOL,Product 1,28
67MOL,Product 2,4168
67MOL,Product 3,1879
67SCH,Product 1,900
67SCH,Product 2,4948
67SCH,Product 3,1604
67SEL,Product 1,235
67SEL,Product 2,360
67SEL,Product 3,2079
67ST1,Product 1,518
67ST1,Product 2,3408
67ST1,Product 3,2493
67WIS,Product 1,677
67WIS,Product 2,442
67WIS,Product 3,1519
68COL,Product 1,55
68COL,Product 2,3983
68COL,Product 3,1438
68WIT,Product 1,759
68WIT,Product 2,4912
68WIT,Product 3,2214
69BEL,Product 1,621
69BEL,Product 2,136
69BEL,Product 3,954
69ECU,Product 1,463
69ECU,Product 2,534
69ECU,Product 3,629
69LY1,Product 1,301
69LY1,Product 2,369
69LY1,Product 3,1551
69LY6,Product 1,647
69LY6,Product 2,2029
69LY6,Product 3,1085
69MEY,Product 1,945
69MEY,Product 2,3712
69MEY,Product 3,1196
70ARC,Product 1,810
70ARC,Product 2,414
70ARC,Product 3,492
71CHR,Product 1,920
71CHR,Product 2,578
71CHR,Product 3,494
72ALL,Product 1,724
72ALL,Product 2,667
72ALL,Product 3,2443
72ARN,Product 1,712
72ARN,Product 2,1116
72ARN,Product 3,1402
72LM2,Product 1,222
72LM2,Product 2,241
72LM2,Product 3,2286
72MAM,Product 1,371
72MAM,Product 2,3266
72MAM,Product 3,1981
73AIX,Product 1,347
73AIX,Product 2,4534
73AIX,Product 3,2028
73CHA,Product 1,116
73CHA,Product 2,2129
73CHA,Product 3,72
73SJE,Product 1,835
73SJE,Product 2,4125
73SJE,Product 3,1537
74ANY,Product 1,79
74ANY,Product 2,1299
74ANY,Product 3,987
74THO,Product 1,0
74THO,Product 2,2237
74THO,Product 3,1885
75CLI,Product 1,569
75CLI,Product 2,3489
75CLI,Product 3,473
75DAU,Product 1,74
75DAU,Product 2,1557
75DAU,Product 3,2424
75ITA,Product 1,398
75ITA,Product 2,397
75ITA,Product 3,849
75LYO,Product 1,77
75LYO,Product 2,3919
75LYO,Product 3,809
75MNP,Product 1,109
75MNP,Product 2,970
75MNP,Product 3,1597
75PAN,Product 1,906
75PAN,Product 2,4268
75PAN,Product 3,1340
75PAS,Product 1,523
75PAS,Product 2,4093
75PAS,Product 3,1529
75PIG,Product 1,567
75PIG,Product 2,4675
75PIG,Product 3,424
75PYR,Product 1,54
75PYR,Product 2,2072
75PYR,Product 3,1030
75TEM,Product 1,395
75TEM,Product 2,1097
75TEM,Product 3,440
76BAR,Product 1,881
76BAR,Product 2,30
76BAR,Product 3,1685
76DAR,Product 1,919
76DAR,Product 2,3044
76DAR,Product 3,1343
76DIE,Product 1,18
76DIE,Product 2,1699
76DIE,Product 3,2371
76ELB,Product 1,985
76ELB,Product 2,950
76ELB,Product 3,1511
76FEC,Product 1,515
76FEC,Product 2,212
76FEC,Product 3,566
76NEU,Product 1,255
76NEU,Product 2,1279
76NEU,Product 3,1862
76ROU,Product 1,255
76ROU,Product 2,1183
76ROU,Product 3,2335
77CHE,Product 1,361
77CHE,Product 2,2841
77CHE,Product 3,1696
77CLA,Product 1,267
77CLA,Product 2,1755
77CLA,Product 3,898
77COU,Product 1,921
77COU,Product 2,2764
77COU,Product 3,2321
77MEA,Product 1,685
77MEA,Product 2,2143
77MEA,Product 3,1090
77MEL,Product 1,528
77MEL,Product 2,458
77MEL,Product 3,100
77NEM,Product 1,727
77NEM,Product 2,4627
77NEM,Product 3,1477
77OZO,Product 1,16
77OZO,Product 2,3697
77OZO,Product 3,493
77PON,Product 1,431
77PON,Product 2,2413
77PON,Product 3,1826
78MON,Product 1,210
78MON,Product 2,2830
78MON,Product 3,1117
78SAR,Product 1,948
78SAR,Product 2,1003
78SAR,Product 3,154
78SGE,Product 1,215
78SGE,Product 2,2430
78SGE,Product 3,451
79CHA,Product 1,293
79CHA,Product 2,2493
79CHA,Product 3,783
79THO,Product 1,637
79THO,Product 2,3397
79THO,Product 3,1681
80FRI,Product 1,41
80FRI,Product 2,2353
80FRI,Product 3,610
81CAS,Product 1,541
81CAS,Product 2,4961
81CAS,Product 3,1944
82CAS,Product 1,313
82CAS,Product 2,2545
82CAS,Product 3,250
83HYE,Product 1,136
83HYE,Product 2,1261
83HYE,Product 3,2065
83LCR,Product 1,991
83LCR,Product 2,2584
83LCR,Product 3,2094
83LLO,Product 1,401
83LLO,Product 2,4065
83LLO,Product 3,1607
83LSE,Product 1,166
83LSE,Product 2,3519
83LSE,Product 3,15
83SMA,Product 1,406
83SMA,Product 2,951
83SMA,Product 3,2318
83TL1,Product 1,994
83TL1,Product 2,2052
83TL1,Product 3,1083
84APT,Product 1,709
84APT,Product 2,1732
84APT,Product 3,898
85FON,Product 1,717
85FON,Product 2,2430
85FON,Product 3,1860
85LHE,Product 1,135
85LHE,Product 2,2560
85LHE,Product 3,825
85MOR,Product 1,530
85MOR,Product 2,4809
85MOR,Product 3,786
86LOU,Product 1,958
86LOU,Product 2,4025
86LOU,Product 3,50
86POI,Product 1,747
86POI,Product 2,1130
86POI,Product 3,1450
86SBE,Product 1,852
86SBE,Product 2,761
86SBE,Product 3,758
87BEL,Product 1,755
87BEL,Product 2,4016
87BEL,Product 3,466
87SYR,Product 1,59
87SYR,Product 2,2479
87SYR,Product 3,2217
88NEU,Product 1,230
88NEU,Product 2,3096
88NEU,Product 3,1008
88REM,Product 1,198
88REM,Product 2,2166
88REM,Product 3,2048
88SDI,Product 1,271
88SDI,Product 2,2117
88SDI,Product 3,2015
89SEN,Product 1,468
89SEN,Product 2,4686
89SEN,Product 3,1919
90BEL,Product 1,418
90BEL,Product 2,4115
90BEL,Product 3,15
91BRE,Product 1,144
91BRE,Product 2,3804
91BRE,Product 3,754
91ETA,Product 1,751
91ETA,Product 2,4546
91ETA,Product 3,217
91GIF,Product 1,880
91GIF,Product 2,1
91GIF,Product 3,778
91VIR,Product 1,116
91VIR,Product 2,1792
91VIR,Product 3,804
91YER,Product 1,597
91YER,Product 2,1586
91YER,Product 3,990
92ASN,Product 1,581
92ASN,Product 2,4459
92ASN,Product 3,861
92BAG,Product 1,587
92BAG,Product 2,4260
92BAG,Product 3,1359
92BOU,Product 1,19
92BOU,Product 2,2515
92BOU,Product 3,515
92CLA,Product 1,521
92CLA,Product 2,383
92CLA,Product 3,2097
92GEN,Product 1,348
92GEN,Product 2,4357
92GEN,Product 3,1782
93AUL,Product 1,731
93AUL,Product 2,2842
93AUL,Product 3,1827
93MON,Product 1,887
93MON,Product 2,636
93MON,Product 3,750
93ROS,Product 1,862
93ROS,Product 2,4759
93ROS,Product 3,1451
94CHO,Product 1,507
94CHO,Product 2,4579
94CHO,Product 3,958
94CRE,Product 1,75
94CRE,Product 2,3925
94CRE,Product 3,2436
94LHA,Product 1,125
94LHA,Product 2,3007
94LHA,Product 3,903
94VIN,Product 1,625
94VIN,Product 2,4509
94VIN,Product 3,484
94VIT,Product 1,329
94VIT,Product 2,4394
94VIT,Product 3,2074
95ARG,Product 1,71
95ARG,Product 2,3217
95ARG,Product 3,2164
95GOU,Product 1,212
95GOU,Product 2,252
95GOU,Product 3,111
95MON,Product 1,634
95MON,Product 2,3126
95MON,Product 3,2120
95PON,Product 1,422
95PON,Product 2,4054
95PON,Product 3,943
,Product 1,929
,Product 2,377
,Product 3,1874
01BOU,Product 1,105
01BOU,Product 2,2795
01BOU,Product 3,1973
01GEX,Product 1,455
01GEX,Product 2,1100
01GEX,Product 3,2357
01TRE,Product 1,976
01TRE,Product 2,1560
01TRE,Product 3,976
02LAO,Product 1,368
02LAO,Product 2,3280
02LAO,Product 3,1164
03MON,Product 1,531
03MON,Product 2,4456
03MON,Product 3,2475
04FOR,Product 1,411
04FOR,Product 2,2560
04FOR,Product 3,2349
06ANT,Product 1,989
06ANT,Product 2,1709
06ANT,Product 3,766
06CA1,Product 1,661
06CA1,Product 2,390
06CA1,Product 3,98
06CA2,Product 1,797
06CA2,Product 2,2625
06CA2,Product 3,2382
06COL,Product 1,598
06COL,Product 2,1540
06COL,Product 3,19
06LTR,Product 1,827
06LTR,Product 2,2524
06LTR,Product 3,2400
06MAN,Product 1,860
06MAN,Product 2,2334
06MAN,Product 3,118
06MEN,Product 1,396
06MEN,Product 2,1087
06MEN,Product 3,1131
06MON,Product 1,600
06MON,Product 2,1219
06MON,Product 3,1914
06NC1,Product 1,859
06NC1,Product 2,2967
06NC1,Product 3,964
06NC3,Product 1,366
06NC3,Product 2,1
06NC3,Product 3,2446
06NC7,Product 1,507
06NC7,Product 2,4946
06NC7,Product 3,2265
07PRI,Product 1,876
07PRI,Product 2,2900
07PRI,Product 3,372
08REV,Product 1,327
08REV,Product 2,4109
08REV,Product 3,1181
09FOI,Product 1,43
09FOI,Product 2,3143
09FOI,Product 3,1133
11CAS,Product 1,126
11CAS,Product 2,150
11CAS,Product 3,996
11LIM,Product 1,552
11LIM,Product 2,3864
11LIM,Product 3,643
11NAR,Product 1,524
11NAR,Product 2,243
11NAR,Product 3,1201
12MIL,Product 1,762
12MIL,Product 2,940
12MIL,Product 3,1467
12ROD,Product 1,403
12ROD,Product 2,3408
12ROD,Product 3,1822
12VIL,Product 1,437
12VIL,Product 2,2824
12VIL,Product 3,2381
13AIX,Product 1,837
13AIX,Product 2,1450
13AIX,Product 3,707
13ARL,Product 1,546
13ARL,Product 2,4680
13ARL,Product 3,1408
13CHA,Product 1,563
13CHA,Product 2,2652
13CHA,Product 3,965
13GAR,Product 1,442
13GAR,Product 2,2607
13GAR,Product 3,652
13IST,Product 1,722
13IST,Product 2,3549
13IST,Product 3,2404
13M04,Product 1,877
13M04,Product 2,4442
13M04,Product 3,1972
13M08,Product 1,309
13M08,Product 2,1398
13M08,Product 3,1774
13M10,Product 1,48
13M10,Product 2,4045
13M10,Product 3,1312
13M11,Product 1,397
13M11,Product 2,4747
13M11,Product 3,1357
13M12,Product 1,324
13M12,Product 2,2017
13M12,Product 3,1709
13SAL,Product 1,673
13SAL,Product 2,2976
13SAL,Product 3,2109
14MON,Product 1,71
14MON,Product 2,1631
14MON,Product 3,816
15SFL,Product 1,595
15SFL,Product 2,2189
15SFL,Product 3,1463
16CHA,Product 1,515
16CHA,Product 2,1339
16CHA,Product 3,43
16COG,Product 1,181
16COG,Product 2,168
16COG,Product 3,1433
17JON,Product 1,377
17JON,Product 2,798
17JON,Product 3,751
17LRO,Product 1,666
17LRO,Product 2,2639
17LRO,Product 3,877
18SAM,Product 1,444
18SAM,Product 2,3406
18SAM,Product 3,2486
18VIE,Product 1,829
18VIE,Product 2,4409
18VIE,Product 3,1194
20AJA,Product 1,182
20AJA,Product 2,3817
20AJA,Product 3,1219
21CHE,Product 1,282
21CHE,Product 2,3045
21CHE,Product 3,1260
21DIJ,Product 1,384
21DIJ,Product 2,769
21DIJ,Product 3,1737
21MON,Product 1,319
21MON,Product 2,1892
21MON,Product 3,2464
22LAM,Product 1,538
22LAM,Product 2,1588
22LAM,Product 3,1484
22LAN,Product 1,639
22LAN,Product 2,4629
22LAN,Product 3,2201
22LOU,Product 1,253
22LOU,Product 2,2665
22LOU,Product 3,405
22PAI,Product 1,538
22PAI,Product 2,3865
22PAI,Product 3,20
23AUB,Product 1,656
23AUB,Product 2,2214
23AUB,Product 3,1738
23GUE,Product 1,668
23GUE,Product 2,4327
23GUE,Product 3,472
24SAR,Product 1,553
24SAR,Product 2,2948
24SAR,Product 3,2247
24THI,Product 1,51
24THI,Product 2,200
24THI,Product 3,532
26DIE,Product 1,458
26DIE,Product 2,4107
26DIE,Product 3,881
26VAL,Product 1,686
26VAL,Product 2,1390
26VAL,Product 3,1295
27VER,Product 1,102
27VER,Product 2,1316
27VER,Product 3,1122
28DRE,Product 1,337
28DRE,Product 2,3654
28DRE,Product 3,2155
29GUI,Product 1,755
29GUI,Product 2,3505
29GUI,Product 3,1073
29MOR,Product 1,767
29MOR,Product 2,4566
29MOR,Product 3,265
29QUI,Product 1,442
29QUI,Product 2,2007
29QUI,Product 3,518
30LVI,Product 1,654
30LVI,Product 2,1647
30LVI,Product 3,1238
30NIM,Product 1,343
30NIM,Product 2,650
30NIM,Product 3,1996
30SGI,Product 1,362
30SGI,Product 2,1184
30SGI,Product 3,2339
31AUT,Product 1,573
31AUT,Product 2,2631
31AUT,Product 3,156
31CAS,Product 1,328
31CAS,Product 2,405
31CAS,Product 3,1487
31TL1,Product 1,634
31TL1,Product 2,3648
31TL1,Product 3,487
31TL3,Product 1,203
31TL3,Product 2,1473
31TL3,Product 3,279
32CON,Product 1,876
32CON,Product 2,1780
32CON,Product 3,1473
32MIR,Product 1,5
32MIR,Product 2,3786
32MIR,Product 3,1156
33AMB,Product 1,830
33AMB,Product 2,1877
33AMB,Product 3,1752
33AND,Product 1,166
33AND,Product 2,2505
33AND,Product 3,639
33BD1,Product 1,869
33BD1,Product 2,3256
33BD1,Product 3,776
33EYS,Product 1,8
33EYS,Product 2,4927
33EYS,Product 3,987
33LES,Product 1,94
33LES,Product 2,3457
33LES,Product 3,2355
34AGD,Product 1,177
34AGD,Product 2,2672
34AGD,Product 3,2044
34BED,Product 1,403
34BED,Product 2,186
34BED,Product 3,768
34CAS,Product 1,717
34CAS,Product 2,4298
34CAS,Product 3,741
34LUN,Product 1,587
34LUN,Product 2,2541
34LUN,Product 3,170
34MAU,Product 1,838
34MAU,Product 2,2267
34MAU,Product 3,2276
35BRU,Product 1,997
35BRU,Product 2,1140
35BRU,Product 3,2356
35CES,Product 1,909
35CES,Product 2,4022
35CES,Product 3,2116
35SMA,Product 1,401
35SMA,Product 2,4174
35SMA,Product 3,1951
36LBL,Product 1,700
36LBL,Product 2,291
36LBL,Product 3,2446
37TOU,Product 1,196
37TOU,Product 2,3519
37TOU,Product 3,1705
38GR2,Product 1,727
38GR2,Product 2,1568
38GR2,Product 3,843
38MEY,Product 1,949
38MEY,Product 2,3251
38MEY,Product 3,911
38SMA,Product 1,882
38SMA,Product 2,2824
38SMA,Product 3,205
38VIL,Product 1,710
38VIL,Product 2,2527
38VIL,Product 3,2366
39LON,Product 1,289
39LON,Product 2,1347
39LON,Product 3,1680
40DAX,Product 1,142
40DAX,Product 2,3978
40DAX,Product 3,1842
42FIR,Product 1,555
42FIR,Product 2,4510
42FIR,Product 3,490
42ROA,Product 1,191
42ROA,Product 2,69
42ROA,Product 3,904
43LPU,Product 1,125
43LPU,Product 2,1107
43LPU,Product 3,2427
44POR,Product 1,348
44POR,Product 2,1364
44POR,Product 3,1829
44SNA,Product 1,951
44SNA,Product 2,4394
44SNA,Product 3,350
45OLI,Product 1,368
45OLI,Product 2,1063
45OLI,Product 3,891
45PIT,Product 1,452
45PIT,Product 2,465
45PIT,Product 3,567
46CAH,Product 1,897
46CAH,Product 2,1709
46CAH,Product 3,2110
48MEN,Product 1,142
48MEN,Product 2,1602
48MEN,Product 3,414
49CHO,Product 1,789
49CHO,Product 2,1971
49CHO,Product 3,1047
49DOU,Product 1,81
49DOU,Product 2,1800
49DOU,Product 3,1282
49SEG,Product 1,745
49SEG,Product 2,726
49SEG,Product 3,1958
49SGE,Product 1,687
49SGE,Product 2,1750
49SGE,Product 3,1929
50VAL,Product 1,568
50VAL,Product 2,2542
50VAL,Product 3,1144
51EPE,Product 1,646
51EPE,Product 2,3056
51EPE,Product 3,2200
51TIN,Product 1,392
51TIN,Product 2,1881
51TIN,Product 3,478
52CHA,Product 1,455
52CHA,Product 2,4454
52CHA,Product 3,1950
52SDI,Product 1,569
52SDI,Product 2,98
52SDI,Product 3,1465
54MAL,Product 1,753
54MAL,Product 2,830
54MAL,Product 3,684
54NA2,Product 1,706
54NA2,Product 2,1236
54NA2,Product 3,2436
54SMA,Product 1,838
54SMA,Product 2,3232
54SMA,Product 3,1740
55BAR,Product 1,95
55BAR,Product 2,1241
55BAR,Product 3,1894
55VER,Product 1,424
55VER,Product 2,2548
55VER,Product 3,1011
56LAN,Product 1,831
56LAN,Product 2,4962
56LAN,Product 3,1625
56LOR,Product 1,492
56LOR,Product 2,4155
56LOR,Product 3,1867
56PLO,Product 1,850
56PLO,Product 2,4492
56PLO,Product 3,1464
56QUE,Product 1,927
56QUE,Product 2,4872
56QUE,Product 3,2030
57FOR,Product 1,64
57FOR,Product 2,4580
57FOR,Product 3,664
57MON,Product 1,844
57MON,Product 2,760
57MON,Product 3,2122
57ROM,Product 1,592
57ROM,Product 2,4815
57ROM,Product 3,2322
57SAV,Product 1,738
57SAV,Product 2,3094
57SAV,Product 3,555
58NEV,Product 1,645
58NEV,Product 2,1851
58NEV,Product 3,850
59CAM,Product 1,675
59CAM,Product 2,4639
59CAM,Product 3,1382
59HAL,Product 1,662
59HAL,Product 2,3826
59HAL,Product 3,879
59HAU,Product 1,778
59HAU,Product 2,13
59HAU,Product 3,1411
59LAM,Product 1,952
59LAM,Product 2,3185
59LAM,Product 3,1169
59LIL,Product 1,506
59LIL,Product 2,1048
59LIL,Product 3,559
59ORC,Product 1,286
59ORC,Product 2,1908
59ORC,Product 3,973
60CHA,Product 1,989
60CHA,Product 2,1350
60CHA,Product 3,910
60CLE,Product 1,570
60CLE,Product 2,3765
60CLE,Product 3,875
60SEN,Product 1,974
60SEN,Product 2,2044
60SEN,Product 3,1101
62CAL,Product 1,994
62CAL,Product 2,3059
62CAL,Product 3,1014
62CAR,Product 1,912
62CAR,Product 2,4283
62CAR,Product 3,2117
62SMA,Product 1,69
62SMA,Product 2,260
62SMA,Product 3,1246
62VIT,Product 1,233
62VIT,Product 2,3547
62VIT,Product 3,1214
63BEA,Product 1,801
63BEA,Product 2,1640
63BEA,Product 3,1919
63THI,Product 1,616
63THI,Product 2,25
63THI,Product 3,2099
64BIL,Product 1,992
64BIL,Product 2,2709
64BIL,Product 3,245
64OLO,Product 1,284
64OLO,Product 2,4370
64OLO,Product 3,936
64SJE,Product 1,411
64SJE,Product 2,1792
64SJE,Product 3,1730
65BAG,Product 1,375
65BAG,Product 2,983
65BAG,Product 3,140
65LAN,Product 1,170
65LAN,Product 2,1065
65LAN,Product 3,2430
65TAR,Product 1,177
65TAR,Product 2,2491
65TAR,Product 3,908
66PE1,Product 1,739
66PE1,Product 2,4767
66PE1,Product 3,463
67LIN,Product 1,465
67LIN,Product 2,2856
67LIN,Product 3,305
67SAV,Product 1,57
67SAV,Product 2,569
67SAV,Product 3,1902
68ILL,Product 1,483
68ILL,Product 2,4146
68ILL,Product 3,2378
68RIB,Product 1,567
68RIB,Product 2,975
68RIB,Product 3,1066
69CAL,Product 1,510
69CAL,Product 2,2275
69CAL,Product 3,472
69GIV,Product 1,988
69GIV,Product 2,766
69GIV,Product 3,1844
69LY2,Product 1,854
69LY2,Product 2,692
69LY2,Product 3,1891
69LY4,Product 1,368
69LY4,Product 2,228
69LY4,Product 3,1476
69OUL,Product 1,676
69OUL,Product 2,327
69OUL,Product 3,2169
69VEN,Product 1,82
69VEN,Product 2,1062
69VEN,Product 3,1951
69VLB,Product 1,301
69VLB,Product 2,714
69VLB,Product 3,2287
71AUT,Product 1,941
71AUT,Product 2,355
71AUT,Product 3,1574
71MAC,Product 1,225
71MAC,Product 2,1269
71MAC,Product 3,538
71MON,Product 1,873
71MON,Product 2,1080
71MON,Product 3,760
72LFE,Product 1,640
72LFE,Product 2,322
72LFE,Product 3,389
72LFL,Product 1,444
72LFL,Product 2,4556
72LFL,Product 3,2429
72LM1,Product 1,409
72LM1,Product 2,4736
72LM1,Product 3,1073
73ALB,Product 1,162
73ALB,Product 2,1388
73ALB,Product 3,2433
74CLU,Product 1,206
74CLU,Product 2,2179
74CLU,Product 3,1737
74SJU,Product 1,428
74SJU,Product 2,4807
74SJU,Product 3,937
75CHA,Product 1,938
75CHA,Product 2,698
75CHA,Product 3,2045
75CHE,Product 1,392
75CHE,Product 2,4525
75CHE,Product 3,1537
75HAL,Product 1,739
75HAL,Product 2,1189
75HAL,Product 3,897
75MMT,Product 1,436
75MMT,Product 2,3552
75MMT,Product 3,1958
75NAT,Product 1,170
75NAT,Product 2,3819
75NAT,Product 3,120
75PRE,Product 1,276
75PRE,Product 2,1017
75PRE,Product 3,1385
75SMA,Product 1,821
75SMA,Product 2,2888
75SMA,Product 3,1145
75VAU,Product 1,108
75VAU,Product 2,4445
75VAU,Product 3,1594
75VIL,Product 1,856
75VIL,Product 2,3163
75VIL,Product 3,280
76LTR,Product 1,161
76LTR,Product 2,846
76LTR,Product 3,583
76MON,Product 1,12
76MON,Product 2,4278
76MON,Product 3,2214
76MSA,Product 1,576
76MSA,Product 2,4935
76MSA,Product 3,365
76SET,Product 1,581
76SET,Product 2,2788
76SET,Product 3,244
77COM,Product 1,620
77COM,Product 2,991
77COM,Product 3,48
77FON,Product 1,569
77FON,Product 2,4532
77FON,Product 3,1495
77LAG,Product 1,935
77LAG,Product 2,2379
77LAG,Product 3,2432
77PRO,Product 1,586
77PRO,Product 2,4172
77PRO,Product 3,364
77TOR,Product 1,727
77TOR,Product 2,3210
77TOR,Product 3,1701
78PLA,Product 1,172
78PLA,Product 2,4525
78PLA,Product 3,370
78RAM,Product 1,539
78RAM,Product 2,3835
78RAM,Product 3,1585
78TRA,Product 1,239
78TRA,Product 2,170
78TRA,Product 3,559
78VEL,Product 1,660
78VEL,Product 2,1437
78VEL,Product 3,1412
79BRE,Product 1,451
79BRE,Product 2,1438
79BRE,Product 3,89
79SMA,Product 1,443
79SMA,Product 2,2859
79SMA,Product 3,1146
80ABB,Product 1,638
80ABB,Product 2,2646
80ABB,Product 3,1933
80LON,Product 1,759
80LON,Product 2,2429
80LON,Product 3,460
81GRA,Product 1,138
81GRA,Product 2,1903
81GRA,Product 3,1992
83BRI,Product 1,125
83BRI,Product 2,4519
83BRI,Product 3,1775
83LGA,Product 1,344
83LGA,Product 2,3315
83LGA,Product 3,1927
84AVI,Product 1,807
84AVI,Product 2,3124
84AVI,Product 3,987
84ORA,Product 1,517
84ORA,Product 2,3460
84ORA,Product 3,1052
84PER,Product 1,989
84PER,Product 2,764
84PER,Product 3,754
84SOR,Product 1,107
84SOR,Product 2,484
84SOR,Product 3,2115
85CHL,Product 1,293
85CHL,Product 2,1944
85CHL,Product 3,2351
85CHT,Product 1,725
85CHT,Product 2,1785
85CHT,Product 3,835
85SHI,Product 1,462
85SHI,Product 2,3501
85SHI,Product 3,1041
86CHV,Product 1,159
86CHV,Product 2,679
86CHV,Product 3,1704
86MON,Product 1,712
86MON,Product 2,3009
86MON,Product 3,2181
87LIM,Product 1,967
87LIM,Product 2,2821
87LIM,Product 3,772
87PAN,Product 1,903
87PAN,Product 2,2102
87PAN,Product 3,1544
88EPI,Product 1,912
88EPI,Product 2,3931
88EPI,Product 3,970
88THA,Product 1,304
88THA,Product 2,925
88THA,Product 3,1786
89AUX,Product 1,575
89AUX,Product 2,3369
89AUX,Product 3,480
89AVA,Product 1,839
89AVA,Product 2,2577
89AVA,Product 3,1638
91SAV,Product 1,76
91SAV,Product 2,4447
91SAV,Product 3,1841
92COL,Product 1,441
92COL,Product 2,1484
92COL,Product 3,1342
92COU,Product 1,559
92COU,Product 2,901
92COU,Product 3,895
92LEV,Product 1,376
92LEV,Product 2,4129
92LEV,Product 3,783
92MEU,Product 1,259
92MEU,Product 2,4574
92MEU,Product 3,1299
92MON,Product 1,476
92MON,Product 2,2523
92MON,Product 3,1540
92NEU,Product 1,436
92NEU,Product 2,1848
92NEU,Product 3,859
92SCL,Product 1,39
92SCL,Product 2,1236
92SCL,Product 3,186
93BON,Product 1,799
93BON,Product 2,3560
93BON,Product 3,1975
93EPI,Product 1,60
93EPI,Product 2,3034
93EPI,Product 3,738
93LBL,Product 1,809
93LBL,Product 2,4626
93LBL,Product 3,2186
93LIV,Product 1,319
93LIV,Product 2,4657
93LIV,Product 3,1003
93LRA,Product 1,605
93LRA,Product 2,97
93LRA,Product 3,2124
93SOU,Product 1,722
93SOU,Product 2,1571
93SOU,Product 3,1292
93STA,Product 1,690
93STA,Product 2,952
93STA,Product 3,895
93TRE,Product 1,529
93TRE,Product 2,1865
93TRE,Product 3,2046
94CHA,Product 1,619
94CHA,Product 2,4748
94CHA,Product 3,2361
94MAI,Product 1,505
94MAI,Product 2,1686
94MAI,Product 3,760
94NOG,Product 1,164
94NOG,Product 2,3676
94NOG,Product 3,1201
94SUC,Product 1,5
94SUC,Product 2,180
94SUC,Product 3,1074
94VIL,Product 1,129
94VIL,Product 2,4031
94VIL,Product 3,1727
94VSG,Product 1,27
94VSG,Product 2,3820
94VSG,Product 3,103
95TAV,Product 1,856
95TAV,Product 2,1074
95TAV,Product 3,1322
